<?xml version="1.0"?>
<doc>
    <assembly>
        <name>CityInfo.API</name>
    </assembly>
    <members>
        <member name="M:CityInfo.API.Controllers.CitiesController.GetCity(System.Int32,System.Boolean)">
            <summary>
            Get a city by id
            </summary>
            <param name="id">The id of the city to get</param>
            <param name="includePointsOfInterest">Whether or not to include the points of interest</param>
            <returns>An IActionResult</returns>
            <response code="200">Returns the requested city</response>
        </member>
        <member name="T:CityInfo.API.Models.CityWithoutPointsOfInterestDto">
            <summary>
            A DTO for a city without points of interest
            </summary>
        </member>
        <member name="P:CityInfo.API.Models.CityWithoutPointsOfInterestDto.Id">
            <summary>
            The id of the city
            </summary>
        </member>
        <member name="P:CityInfo.API.Models.CityWithoutPointsOfInterestDto.Name">
            <summary>
            The name of the city
            </summary>
        </member>
        <member name="P:CityInfo.API.Models.CityWithoutPointsOfInterestDto.Description">
            <summary>
            The description of the city
            </summary>
        </member>
    </members>
</doc>
